label,topic
Standardzd PerCapita Medcr Cost Fee for Service 2015,Medical Cost & Medicare Enrollment
Standardzd PerCapita Medcr Cost Fee for Service 2014,Medical Cost & Medicare Enrollment
Standardzd PerCapita Medcr Cost Fee for Service 2013,Medical Cost & Medicare Enrollment
Standardzd PerCapita Medcr Cost Fee for Service 2012,Medical Cost & Medicare Enrollment
Standardzd PerCapita Medcr Cost Fee for Service 2011,Medical Cost & Medicare Enrollment
Standardzd PerCapita Medcr Cost Fee for Service 2010,Medical Cost & Medicare Enrollment
IP Per Capita Actual Medcr Cost Fee for Service 2015,Medical Cost & Medicare Enrollment
IP Per Capita Actual Medcr Cost Fee for Service 2014,Medical Cost & Medicare Enrollment
IP Per Capita Actual Medcr Cost Fee for Service 2013,Medical Cost & Medicare Enrollment
IP Per Capita Actual Medcr Cost Fee for Service 2012,Medical Cost & Medicare Enrollment
IP Per Capita Actual Medcr Cost Fee for Service 2011,Medical Cost & Medicare Enrollment
IP Per Capita Actual Medcr Cost Fee for Service 2010,Medical Cost & Medicare Enrollment
"Medicare Enrollment, Aged Tot 2015",Medical Cost & Medicare Enrollment
"Medicare Enrollment, Aged Tot 2014",Medical Cost & Medicare Enrollment
"Medicare Enrollment, Aged Tot 2013",Medical Cost & Medicare Enrollment
"Medicare Enrollment, Aged Tot 2012",Medical Cost & Medicare Enrollment
"Medicare Enrollment, Aged Tot 2011",Medical Cost & Medicare Enrollment
Population Estimate 2016,Population Size
Population Estimate 2015,Population Size
Population Estimate 2014,Population Size
Population Estimate 2013,Population Size
Population Estimate 2012,Population Size
Population Estimate 2011,Population Size
Census Population 2010,Population Size
Population Estimate 2009,Population Size
Population Estimate 2008,Population Size
Population Estimate 2007,Population Size
Population Estimate 2006,Population Size
Population Estimate 2005,Population Size
Census Population 2000,Population Size
Population Estimate 1995,Population Size
Pop Total Male 2015,Gender & Ethnicity
Pop Total Male 2014,Gender & Ethnicity
Pop Total Male 2013,Gender & Ethnicity
Pop Total Male 2012,Gender & Ethnicity
Pop Total Male 2011,Gender & Ethnicity
Pop Total Male 2005,Gender & Ethnicity
Pop Total Female 2015,Gender & Ethnicity
Pop Total Female 2014,Gender & Ethnicity
Pop Total Female 2013,Gender & Ethnicity
Pop Total Female 2012,Gender & Ethnicity
Pop Total Female 2011,Gender & Ethnicity
Pop Total Female 2005,Gender & Ethnicity
Pop White Male 2015,Gender & Ethnicity
Pop White Male 2014,Gender & Ethnicity
Pop White Male 2013,Gender & Ethnicity
Pop White Male 2012,Gender & Ethnicity
Pop White Male 2011,Gender & Ethnicity
Pop White Male 2005,Gender & Ethnicity
Pop White Female 2015,Gender & Ethnicity
Pop White Female 2014,Gender & Ethnicity
Pop White Female 2013,Gender & Ethnicity
Pop White Female 2012,Gender & Ethnicity
Pop White Female 2011,Gender & Ethnicity
Pop White Female 2005,Gender & Ethnicity
Pop White Non-Hisp/Latino Male 2015,Gender & Ethnicity
Pop White Non-Hisp/Latino Male 2014,Gender & Ethnicity
Pop White Non-Hisp/Latino Male 2013,Gender & Ethnicity
Pop White Non-Hisp/Latino Male 2012,Gender & Ethnicity
Pop White Non-Hisp/Latino Male 2011,Gender & Ethnicity
Pop White Non-Hisp/Latino Male 2005,Gender & Ethnicity
Pop White Non-Hisp/Latino Femle 2015,Gender & Ethnicity
Pop White Non-Hisp/Latino Femle 2014,Gender & Ethnicity
Pop White Non-Hisp/Latino Femle 2013,Gender & Ethnicity
Pop White Non-Hisp/Latino Femle 2012,Gender & Ethnicity
Pop White Non-Hisp/Latino Femle 2011,Gender & Ethnicity
Pop White Non-Hisp/Latino Femle 2005,Gender & Ethnicity
Pop White Hispanic/Latino Male 2015,Gender & Ethnicity
Pop White Hispanic/Latino Male 2014,Gender & Ethnicity
Pop White Hispanic/Latino Male 2013,Gender & Ethnicity
Pop White Hispanic/Latino Male 2012,Gender & Ethnicity
Pop White Hispanic/Latino Male 2011,Gender & Ethnicity
Pop White Hispanic/Latino Male 2005,Gender & Ethnicity
Pop White Hispanic/Latino Femle 2015,Gender & Ethnicity
Pop White Hispanic/Latino Femle 2014,Gender & Ethnicity
Pop White Hispanic/Latino Femle 2013,Gender & Ethnicity
Pop White Hispanic/Latino Femle 2012,Gender & Ethnicity
Pop White Hispanic/Latino Femle 2011,Gender & Ethnicity
Pop White Hispanic/Latino Femle 2005,Gender & Ethnicity
Pop Black/African Amer Male 2015,Gender & Ethnicity
Pop Black/African Amer Male 2014,Gender & Ethnicity
Pop Black/African Amer Male 2013,Gender & Ethnicity
Pop Black/African Amer Male 2012,Gender & Ethnicity
Pop Black/African Amer Male 2011,Gender & Ethnicity
Pop Black/African Amer Male 2005,Gender & Ethnicity
Pop Black/African Amer Female 2015,Gender & Ethnicity
Pop Black/African Amer Female 2014,Gender & Ethnicity
Pop Black/African Amer Female 2013,Gender & Ethnicity
Pop Black/African Amer Female 2012,Gender & Ethnicity
Pop Black/African Amer Female 2011,Gender & Ethnicity
Pop Black/African Amer Female 2005,Gender & Ethnicity
Pop Bl/Afr Am Non-Hisp/Lat Male 2015,Gender & Ethnicity
Pop Bl/Afr Am Non-Hisp/Lat Male 2014,Gender & Ethnicity
Pop Bl/Afr Am Non-Hisp/Lat Male 2013,Gender & Ethnicity
Pop Bl/Afr Am Non-Hisp/Lat Male 2012,Gender & Ethnicity
Pop Bl/Afr Am Non-Hisp/Lat Male 2011,Gender & Ethnicity
Pop Bl/Afr Am Non-Hisp/Lat Male 2005,Gender & Ethnicity
Pop Bl/Afr Am Non-Hisp/Lat Fmle 2015,Gender & Ethnicity
Pop Bl/Afr Am Non-Hisp/Lat Fmle 2014,Gender & Ethnicity
Pop Bl/Afr Am Non-Hisp/Lat Fmle 2013,Gender & Ethnicity
Pop Bl/Afr Am Non-Hisp/Lat Fmle 2012,Gender & Ethnicity
Pop Bl/Afr Am Non-Hisp/Lat Fmle 2011,Gender & Ethnicity
Pop Bl/Afr Am Non-Hisp/Lat Fmle 2005,Gender & Ethnicity
Pop Bl/Afr Hispanic/Latino Male 2015,Gender & Ethnicity
Pop Bl/Afr Hispanic/Latino Male 2014,Gender & Ethnicity
Pop Bl/Afr Hispanic/Latino Male 2013,Gender & Ethnicity
Pop Bl/Afr Hispanic/Latino Male 2012,Gender & Ethnicity
Pop Bl/Afr Hispanic/Latino Male 2011,Gender & Ethnicity
Pop Bl/Afr Hispanic/Latino Male 2005,Gender & Ethnicity
Pop Bl/Afr Hispanic/Latino Fmle 2015,Gender & Ethnicity
Pop Bl/Afr Hispanic/Latino Fmle 2014,Gender & Ethnicity
Pop Bl/Afr Hispanic/Latino Fmle 2013,Gender & Ethnicity
Pop Bl/Afr Hispanic/Latino Fmle 2012,Gender & Ethnicity
Pop Bl/Afr Hispanic/Latino Fmle 2011,Gender & Ethnicity
Pop Bl/Afr Hispanic/Latino Fmle 2005,Gender & Ethnicity
Pop Am Ind/Alaska Native Male 2015,Gender & Ethnicity
Pop Am Ind/Alaska Native Male 2014,Gender & Ethnicity
Pop Am Ind/Alaska Native Male 2013,Gender & Ethnicity
Pop Am Ind/Alaska Native Male 2012,Gender & Ethnicity
Pop Am Ind/Alaska Native Male 2011,Gender & Ethnicity
Pop Am Ind/Alaska Native Male 2005,Gender & Ethnicity
Pop Am Ind/Alaska Native Male 2000,Gender & Ethnicity
Pop Am Ind/Alaska Native Female 2015,Gender & Ethnicity
Pop Am Ind/Alaska Native Female 2014,Gender & Ethnicity
Pop Am Ind/Alaska Native Female 2013,Gender & Ethnicity
Pop Am Ind/Alaska Native Female 2012,Gender & Ethnicity
Pop Am Ind/Alaska Native Female 2011,Gender & Ethnicity
Pop Am Ind/Alaska Native Female 2005,Gender & Ethnicity
Pop Asian Male 2015,Gender & Ethnicity
Pop Asian Male 2014,Gender & Ethnicity
Pop Asian Male 2013,Gender & Ethnicity
Pop Asian Male 2012,Gender & Ethnicity
Pop Asian Male 2011,Gender & Ethnicity
Pop Asian Male 2005,Gender & Ethnicity
Pop Nat Hawi/Oth Pac Isl Male 2015,Gender & Ethnicity
Pop Nat Hawi/Oth Pac Isl Male 2014,Gender & Ethnicity
Pop Nat Hawi/Oth Pac Isl Male 2013,Gender & Ethnicity
Pop Nat Hawi/Oth Pac Isl Male 2012,Gender & Ethnicity
Pop Nat Hawi/Oth Pac Isl Male 2011,Gender & Ethnicity
Pop Nat Hawi/Oth Pac Isl Male 2005,Gender & Ethnicity
Pop Asian Female 2015,Gender & Ethnicity
Pop Asian Female 2014,Gender & Ethnicity
Pop Asian Female 2013,Gender & Ethnicity
Pop Asian Female 2012,Gender & Ethnicity
Pop Asian Female 2011,Gender & Ethnicity
Pop Asian Female 2005,Gender & Ethnicity
Pop Nat Hawi/Oth Pac Isl Female 2015,Gender & Ethnicity
Pop Nat Hawi/Oth Pac Isl Female 2014,Gender & Ethnicity
Pop Nat Hawi/Oth Pac Isl Female 2013,Gender & Ethnicity
Pop Nat Hawi/Oth Pac Isl Female 2012,Gender & Ethnicity
Pop Nat Hawi/Oth Pac Isl Female 2011,Gender & Ethnicity
Pop Nat Hawi/Oth Pac Isl Female 2005,Gender & Ethnicity
Pop Two or more Races Male 2015,Gender & Ethnicity
Pop Two or more Races Male 2014,Gender & Ethnicity
Pop Two or more Races Male 2013,Gender & Ethnicity
Pop Two or more Races Male 2012,Gender & Ethnicity
Pop Two or more Races Male 2011,Gender & Ethnicity
Pop Two or more Races Male 2005,Gender & Ethnicity
Pop Two or more Races Female 2015,Gender & Ethnicity
Pop Two or more Races Female 2014,Gender & Ethnicity
Pop Two or more Races Female 2013,Gender & Ethnicity
Pop Two or more Races Female 2012,Gender & Ethnicity
Pop Two or more Races Female 2011,Gender & Ethnicity
Pop Two or more Races Female 2005,Gender & Ethnicity
Pop Tot Hispanic/Latino Male 2015,Gender & Ethnicity
Pop Tot Hispanic/Latino Male 2014,Gender & Ethnicity
Pop Tot Hispanic/Latino Male 2013,Gender & Ethnicity
Pop Tot Hispanic/Latino Male 2012,Gender & Ethnicity
Pop Tot Hispanic/Latino Male 2011,Gender & Ethnicity
Pop Tot Hispanic/Latino Male 2005,Gender & Ethnicity
Pop Tot Hispanic/Latino Female 2015,Gender & Ethnicity
Pop Tot Hispanic/Latino Female 2014,Gender & Ethnicity
Pop Tot Hispanic/Latino Female 2013,Gender & Ethnicity
Pop Tot Hispanic/Latino Female 2012,Gender & Ethnicity
Pop Tot Hispanic/Latino Female 2011,Gender & Ethnicity
Pop Tot Hispanic/Latino Female 2005,Gender & Ethnicity
Pop Tot Non-Hisp/Latino Male 2015,Gender & Ethnicity
Pop Tot Non-Hisp/Latino Male 2014,Gender & Ethnicity
Pop Tot Non-Hisp/Latino Male 2013,Gender & Ethnicity
Pop Tot Non-Hisp/Latino Male 2012,Gender & Ethnicity
Pop Tot Non-Hisp/Latino Male 2011,Gender & Ethnicity
Pop Tot Non-Hisp/Latino Male 2005,Gender & Ethnicity
Pop Tot Non-Hisp/Latino Female 2015,Gender & Ethnicity
Pop Tot Non-Hisp/Latino Female 2014,Gender & Ethnicity
Pop Tot Non-Hisp/Latino Female 2013,Gender & Ethnicity
Pop Tot Non-Hisp/Latino Female 2012,Gender & Ethnicity
Pop Tot Non-Hisp/Latino Female 2011,Gender & Ethnicity
Pop Tot Non-Hisp/Latino Female 2005,Gender & Ethnicity
Pop Male < 5 2010,Gender & Ethnicity
Pop Male < 5 2000,Gender & Ethnicity
Pop Fmle < 5 2010,Gender & Ethnicity
Pop Fmle < 5 2000,Gender & Ethnicity
Pop Male 5-9 2010,Gender & Ethnicity
Pop Male 5-9 2000,Gender & Ethnicity
Pop Fmle 5-9 2010,Gender & Ethnicity
Pop Fmle 5-9 2000,Gender & Ethnicity
Pop Male 10-14 2010,Gender & Ethnicity
Pop Male 10-14 2000,Gender & Ethnicity
Pop Fmle 10-14 2010,Gender & Ethnicity
Pop Fmle 10-14 2000,Gender & Ethnicity
Pop Male 15-19 2010,Gender & Ethnicity
Pop Male 15-19 2000,Gender & Ethnicity
Pop Fmle 15-19 2010,Gender & Ethnicity
Pop Fmle 15-19 2000,Gender & Ethnicity
Pop Male 20-24 2010,Gender & Ethnicity
Pop Male 20-24 2000,Gender & Ethnicity
Pop Fmle 20-24 2010,Gender & Ethnicity
Pop Fmle 20-24 2000,Gender & Ethnicity
Pop Male 25-29 2010,Gender & Ethnicity
Pop Male 25-29 2000,Gender & Ethnicity
Pop Fmle 25-29 2010,Gender & Ethnicity
Pop Fmle 25-29 2000,Gender & Ethnicity
Pop Male 30-34 2010,Gender & Ethnicity
Pop Male 30-34 2000,Gender & Ethnicity
Pop Fmle 30-34 2010,Gender & Ethnicity
Pop Fmle 30-34 2000,Gender & Ethnicity
Pop Male 35-44 2010,Gender & Ethnicity
Pop Male 35-44 2000,Gender & Ethnicity
Pop Fmle 35-44 2010,Gender & Ethnicity
Pop Fmle 35-44 2000,Gender & Ethnicity
Pop Male 45-54 2010,Gender & Ethnicity
Pop Male 45-54 2000,Gender & Ethnicity
Pop Fmle 45-54 2010,Gender & Ethnicity
Pop Fmle 45-54 2000,Gender & Ethnicity
Pop Male 55-59 2010,Gender & Ethnicity
Pop Male 55-59 2000,Gender & Ethnicity
Pop Fmle 55-59 2010,Gender & Ethnicity
Pop Fmle 55-59 2000,Gender & Ethnicity
Pop Male 60-64 2010,Gender & Ethnicity
Pop Male 60-64 2000,Gender & Ethnicity
Pop Fmle 60-64 2010,Gender & Ethnicity
Pop Fmle 60-64 2000,Gender & Ethnicity
Pop Male 65-74 2010,Gender & Ethnicity
Pop Male 65-74 2000,Gender & Ethnicity
Pop Fmle 65-74 2010,Gender & Ethnicity
Pop Fmle 65-74 2000,Gender & Ethnicity
Pop Male 75-84 2010,Gender & Ethnicity
Pop Male 75-84 2000,Gender & Ethnicity
Pop Fmle 75-84 2010,Gender & Ethnicity
Pop Fmle 75-84 2000,Gender & Ethnicity
Pop Male > 84 2010,Gender & Ethnicity
Pop Male > 84 2000,Gender & Ethnicity
Pop Fmle > 84 2010,Gender & Ethnicity
Pop Fmle > 84 2000,Gender & Ethnicity
Pop White Male < 5 2010,Gender & Ethnicity
Pop White Fmle < 5 2010,Gender & Ethnicity
Pop White Male 5-9 2010,Gender & Ethnicity
Pop White Male 10-14 2010,Gender & Ethnicity
Pop White Fmle 5-9 2010,Gender & Ethnicity
Pop White Fmle 10-14 2010,Gender & Ethnicity
Pop White Male 15-19 2010,Gender & Ethnicity
Pop White Male 20-24 2010,Gender & Ethnicity
Pop White Male 25-29 2010,Gender & Ethnicity
Pop White Male 30-34 2010,Gender & Ethnicity
Pop White Male 35-44 2010,Gender & Ethnicity
Pop White Male 45-54 2010,Gender & Ethnicity
Pop White Male 55-59 2010,Gender & Ethnicity
Pop White Fmle 15-19 2010,Gender & Ethnicity
Pop White Fmle 20-24 2010,Gender & Ethnicity
Pop White Fmle 25-29 2010,Gender & Ethnicity
Pop White Fmle 30-34 2010,Gender & Ethnicity
Pop White Fmle 35-44 2010,Gender & Ethnicity
Pop White Fmle 45-54 2010,Gender & Ethnicity
Pop White Fmle 55-59 2010,Gender & Ethnicity
Pop White Male 60-64 2010,Gender & Ethnicity
Pop White Fmle 60-64 2010,Gender & Ethnicity
Pop White Male 65-74 2010,Gender & Ethnicity
Pop White Male 75-84 2010,Gender & Ethnicity
Pop White Male > 84 2010,Gender & Ethnicity
Pop White Fmle 65-74 2010,Gender & Ethnicity
Pop White Fmle 75-84 2010,Gender & Ethnicity
Pop White Fmle > 84 2010,Gender & Ethnicity
Pop Black/African Am Male < 5 2010,Gender & Ethnicity
Pop Black/African Am Fmle < 5 2010,Gender & Ethnicity
Pop Black/African Am Male 5-9 2010,Gender & Ethnicity
Pop Black/African Am Male 10-14 2010,Gender & Ethnicity
Pop Black/African Am Fmle 5-9 2010,Gender & Ethnicity
Pop Black/African Am Fmle 10-14 2010,Gender & Ethnicity
Pop Black/African Am Male 15-19 2010,Gender & Ethnicity
Pop Black/African Am Male 20-24 2010,Gender & Ethnicity
Pop Black/African Am Male 25-29 2010,Gender & Ethnicity
Pop Black/African Am Male 30-34 2010,Gender & Ethnicity
Pop Black/African Am Male 35-44 2010,Gender & Ethnicity
Pop Black/African Am Male 45-54 2010,Gender & Ethnicity
Pop Black/African Am Male 55-59 2010,Gender & Ethnicity
Pop Black/African Am Fmle 15-19 2010,Gender & Ethnicity
Pop Black/African Am Fmle 20-24 2010,Gender & Ethnicity
Pop Black/African Am Fmle 25-29 2010,Gender & Ethnicity
Pop Black/African Am Fmle 30-34 2010,Gender & Ethnicity
Pop Black/African Am Fmle 35-44 2010,Gender & Ethnicity
Pop Black/African Am Fmle 45-54 2010,Gender & Ethnicity
Pop Black/African Am Fmle 55-59 2010,Gender & Ethnicity
Pop Black/African Am Male 60-64 2010,Gender & Ethnicity
Pop Black/African Am Fmle 60-64 2010,Gender & Ethnicity
Pop Black/African Am Male 65-74 2010,Gender & Ethnicity
Pop Black/African Am Male 75-84 2010,Gender & Ethnicity
Pop Black/African Am Male > 84 2010,Gender & Ethnicity
Pop Black/African Am Fmle 65-74 2010,Gender & Ethnicity
Pop Black/African Am Fmle 75-84 2010,Gender & Ethnicity
Pop Black/African Am Fmle > 84 2010,Gender & Ethnicity
Pop Am Ind/Alaska Nat Male < 5 2010,Gender & Ethnicity
Pop Am Ind/Alaska Nat Fmle < 5 2010,Gender & Ethnicity
Pop Am Ind/Alaska Nat Male 5-9 2010,Gender & Ethnicity
Pop Am Ind/Alaska Nat Fmle 5-9 2010,Gender & Ethnicity
Pop Am Ind/Alska Nat Male 10-14 2010,Gender & Ethnicity
Pop Am Ind/Alska Nat Fmle 10-14 2010,Gender & Ethnicity
Pop Am Ind/Alska Nat Male 15-19 2010,Gender & Ethnicity
Pop Am Ind/Alska Nat Fmle 15-19 2010,Gender & Ethnicity
Pop Am Ind/Alska Nat Male 20-24 2010,Gender & Ethnicity
Pop Am Ind/Alska Nat Fmle 20-24 2010,Gender & Ethnicity
Pop Am Ind/Alska Nat Male 25-29 2010,Gender & Ethnicity
Pop Am Ind/Alska Nat Fmle 25-29 2010,Gender & Ethnicity
Pop Am Ind/Alska Nat Male 30-34 2010,Gender & Ethnicity
Pop Am Ind/Alska Nat Fmle 30-34 2010,Gender & Ethnicity
Pop Am Ind/Alska Nat Male 35-44 2010,Gender & Ethnicity
Pop Am Ind/Alska Nat Fmle 35-44 2010,Gender & Ethnicity
Pop Am Ind/Alska Nat Male 45-54 2010,Gender & Ethnicity
Pop Am Ind/Alska Nat Fmle 45-54 2010,Gender & Ethnicity
Pop Am Ind/Alska Nat Male 55-59 2010,Gender & Ethnicity
Pop Am Ind/Alska Nat Fmle 55-59 2010,Gender & Ethnicity
Pop Am Ind/Alska Nat Male 60-64 2010,Gender & Ethnicity
Pop Am Ind/Alska Nat Fmle 60-64 2010,Gender & Ethnicity
Pop Am Ind/Alska Nat Male 65-74 2010,Gender & Ethnicity
Pop Am Ind/Alska Nat Fmle 65-74 2010,Gender & Ethnicity
Pop Am Ind/Alska Nat Male 75-84 2010,Gender & Ethnicity
Pop Am Ind/Alska Nat Fmle 75-84 2010,Gender & Ethnicity
Pop Am Ind/Alaska Nat Male > 84 2010,Gender & Ethnicity
Pop Am Ind/Alaska Nat Fmle > 84 2010,Gender & Ethnicity
Pop Asian Male < 5 2010,Gender & Ethnicity
Pop Asian Fmle < 5 2010,Gender & Ethnicity
Pop Asian Male 5-9 2010,Gender & Ethnicity
Pop Asian Fmle 5-9 2010,Gender & Ethnicity
Pop Asian Male 10-14 2010,Gender & Ethnicity
Pop Asian Fmle 10-14 2010,Gender & Ethnicity
Pop Asian Male 15-19 2010,Gender & Ethnicity
Pop Asian Fmle 15-19 2010,Gender & Ethnicity
Pop Asian Male 20-24 2010,Gender & Ethnicity
Pop Asian Fmle 20-24 2010,Gender & Ethnicity
Pop Asian Male 25-29 2010,Gender & Ethnicity
Pop Asian Fmle 25-29 2010,Gender & Ethnicity
Pop Asian Male 30-34 2010,Gender & Ethnicity
Pop Asian Fmle 30-34 2010,Gender & Ethnicity
Pop Asian Male 35-44 2010,Gender & Ethnicity
Pop Asian Fmle 35-44 2010,Gender & Ethnicity
Pop Asian Male 45-54 2010,Gender & Ethnicity
Pop Asian Fmle 45-54 2010,Gender & Ethnicity
Pop Asian Male 55-59 2010,Gender & Ethnicity
Pop Asian Fmle 55-59 2010,Gender & Ethnicity
Pop Asian Male 60-64 2010,Gender & Ethnicity
Pop Asian Fmle 60-64 2010,Gender & Ethnicity
Pop Asian Male 65-74 2010,Gender & Ethnicity
Pop Asian Fmle 65-74 2010,Gender & Ethnicity
Pop Asian Male 75-84 2010,Gender & Ethnicity
Pop Asian Fmle 75-84 2010,Gender & Ethnicity
Pop Asian Male > 84 2010,Gender & Ethnicity
Pop Asian Fmle > 84 2010,Gender & Ethnicity
Pop Nat Hawaii/Oth PI Male < 5 2010,Gender & Ethnicity
Pop Nat Hawaii/Oth PI Fmle < 5 2010,Gender & Ethnicity
Pop Nat Hawaii/Oth PI Male 5-9 2010,Gender & Ethnicity
Pop Nat Hawaii/Oth PI Fmle 5-9 2010,Gender & Ethnicity
Pop Nat Hawai/Oth PI Male 10-14 2010,Gender & Ethnicity
Pop Nat Hawai/Oth PI Fmle 10-14 2010,Gender & Ethnicity
Pop Nat Hawai/Oth PI Male 15-19 2010,Gender & Ethnicity
Pop Nat Hawai/Oth PI Fmle 15-19 2010,Gender & Ethnicity
Pop Nat Hawai/Oth PI Male 20-24 2010,Gender & Ethnicity
Pop Nat Hawai/Oth PI Fmle 20-24 2010,Gender & Ethnicity
Pop Nat Hawai/Oth PI Male 25-29 2010,Gender & Ethnicity
Pop Nat Hawai/Oth PI Fmle 25-29 2010,Gender & Ethnicity
Pop Nat Hawai/Oth PI Male 30-34 2010,Gender & Ethnicity
Pop Nat Hawai/Oth PI Fmle 30-34 2010,Gender & Ethnicity
Pop Nat Hawai/Oth PI Male 35-44 2010,Gender & Ethnicity
Pop Nat Hawai/Oth PI Fmle 35-44 2010,Gender & Ethnicity
Pop Nat Hawai/Oth PI Male 45-54 2010,Gender & Ethnicity
Pop Nat Hawai/Oth PI Fmle 45-54 2010,Gender & Ethnicity
Pop Nat Hawai/Oth PI Male 55-59 2010,Gender & Ethnicity
Pop Nat Hawai/Oth PI Fmle 55-59 2010,Gender & Ethnicity
Pop Nat Hawai/Oth PI Male 60-64 2010,Gender & Ethnicity
Pop Nat Hawai/Oth PI Fmle 60-64 2010,Gender & Ethnicity
Pop Nat Hawai/Oth PI Male 65-74 2010,Gender & Ethnicity
Pop Nat Hawai/Oth PI Fmle 65-74 2010,Gender & Ethnicity
Pop Nat Hawai/Oth PI Male 75-84 2010,Gender & Ethnicity
Pop Nat Hawai/Oth PI Fmle 75-84 2010,Gender & Ethnicity
Pop Nat Hawaii/Oth PI Male > 84 2010,Gender & Ethnicity
Pop Nat Hawaii/Oth PI Fmle > 84 2010,Gender & Ethnicity
Pop Some Other Race Male < 5 2010,Gender & Ethnicity
Pop Some Other Race Fmle < 5 2010,Gender & Ethnicity
Pop Some Other Race Male 5-9 2010,Gender & Ethnicity
Pop Some Other Race Fmle 5-9 2010,Gender & Ethnicity
Pop Some Other Race Male 10-14 2010,Gender & Ethnicity
Pop Some Other Race Fmle 10-14 2010,Gender & Ethnicity
Pop Some Other Race Male 15-19 2010,Gender & Ethnicity
Pop Some Other Race Fmle 15-19 2010,Gender & Ethnicity
Pop Some Other Race Male 20-24 2010,Gender & Ethnicity
Pop Some Other Race Fmle 20-24 2010,Gender & Ethnicity
Pop Some Other Race Male 25-29 2010,Gender & Ethnicity
Pop Some Other Race Fmle 25-29 2010,Gender & Ethnicity
Pop Some Other Race Male 30-34 2010,Gender & Ethnicity
Pop Some Other Race Fmle 30-34 2010,Gender & Ethnicity
Pop Some Other Race Male 35-44 2010,Gender & Ethnicity
Pop Some Other Race Fmle 35-44 2010,Gender & Ethnicity
Pop Some Other Race Male 45-54 2010,Gender & Ethnicity
Pop Some Other Race Fmle 45-54 2010,Gender & Ethnicity
Pop Some Other Race Male 55-59 2010,Gender & Ethnicity
Pop Some Other Race Fmle 55-59 2010,Gender & Ethnicity
Pop Some Other Race Male 60-64 2010,Gender & Ethnicity
Pop Some Other Race Fmle 60-64 2010,Gender & Ethnicity
Pop Some Other Race Male 65-74 2010,Gender & Ethnicity
Pop Some Other Race Fmle 65-74 2010,Gender & Ethnicity
Pop Some Other Race Male 75-84 2010,Gender & Ethnicity
Pop Some Other Race Fmle 75-84 2010,Gender & Ethnicity
Pop Some Other Race Male > 84 2010,Gender & Ethnicity
Pop Some Other Race Fmle > 84 2010,Gender & Ethnicity
Pop Two or more Races Male < 5 2010,Gender & Ethnicity
Pop Two or more Races Fmle < 5 2010,Gender & Ethnicity
Pop Two or more Races Male 5-9 2010,Gender & Ethnicity
Pop Two or more Races Fmle 5-9 2010,Gender & Ethnicity
Pop Two or more Race Male 10-14 2010,Gender & Ethnicity
Pop Two or more Race Fmle 10-14 2010,Gender & Ethnicity
Pop Two or more Race Male 15-19 2010,Gender & Ethnicity
Pop Two or more Race Fmle 15-19 2010,Gender & Ethnicity
Pop Two or more Race Male 20-24 2010,Gender & Ethnicity
Pop Two or more Race Fmle 20-24 2010,Gender & Ethnicity
Pop Two or more Race Male 25-29 2010,Gender & Ethnicity
Pop Two or more Race Fmle 25-29 2010,Gender & Ethnicity
Pop Two or more Race Male 30-34 2010,Gender & Ethnicity
Pop Two or more Race Fmle 30-34 2010,Gender & Ethnicity
Pop Two or more Race Male 35-44 2010,Gender & Ethnicity
Pop Two or more Race Fmle 35-44 2010,Gender & Ethnicity
Pop Two or more Race Male 45-54 2010,Gender & Ethnicity
Pop Two or more Race Fmle 45-54 2010,Gender & Ethnicity
Pop Two or more Race Male 55-59 2010,Gender & Ethnicity
Pop Two or more Race Fmle 55-59 2010,Gender & Ethnicity
Pop Two or more Race Male 60-64 2010,Gender & Ethnicity
Pop Two or more Race Fmle 60-64 2010,Gender & Ethnicity
Pop Two or more Race Male 65-74 2010,Gender & Ethnicity
Pop Two or more Race Fmle 65-74 2010,Gender & Ethnicity
Pop Two or more Race Male 75-84 2010,Gender & Ethnicity
Pop Two or more Race Fmle 75-84 2010,Gender & Ethnicity
Pop Two or more Races Male > 84 2010,Gender & Ethnicity
Pop Two or more Races Fmle > 84 2010,Gender & Ethnicity
Pop White Non-Hisp Male < 5 2010,Gender & Ethnicity
Pop White Non-Hisp Fmle < 5 2010,Gender & Ethnicity
Pop White Non-Hisp Male 5-9 2010,Gender & Ethnicity
Pop White Non-Hisp Fmle 5-9 2010,Gender & Ethnicity
Pop White Non-Hisp Male 10-14 2010,Gender & Ethnicity
Pop White Non-Hisp Fmle 10-14 2010,Gender & Ethnicity
Pop White Non-Hisp Male 15-19 2010,Gender & Ethnicity
Pop White Non-Hisp Fmle 15-19 2010,Gender & Ethnicity
Pop White Non-Hisp Male 20-24 2010,Gender & Ethnicity
Pop White Non-Hisp Fmle 20-24 2010,Gender & Ethnicity
Pop White Non-Hisp Male 25-29 2010,Gender & Ethnicity
Pop White Non-Hisp Fmle 25-29 2010,Gender & Ethnicity
Pop White Non-Hisp Male 30-34 2010,Gender & Ethnicity
Pop White Non-Hisp Fmle 30-34 2010,Gender & Ethnicity
Pop White Non-Hisp Male 35-44 2010,Gender & Ethnicity
Pop White Non-Hisp Fmle 35-44 2010,Gender & Ethnicity
Pop White Non-Hisp Male 45-54 2010,Gender & Ethnicity
Pop White Non-Hisp Fmle 45-54 2010,Gender & Ethnicity
Pop White Non-Hisp Male 55-59 2010,Gender & Ethnicity
Pop White Non-Hisp Fmle 55-59 2010,Gender & Ethnicity
Pop White Non-Hisp Male 60-64 2010,Gender & Ethnicity
Pop White Non-Hisp Fmle 60-64 2010,Gender & Ethnicity
Pop White Non-Hisp Male 65-74 2010,Gender & Ethnicity
Pop White Non-Hisp Fmle 65-74 2010,Gender & Ethnicity
Pop White Non-Hisp Male 75-84 2010,Gender & Ethnicity
Pop White Non-Hisp Fmle 75-84 2010,Gender & Ethnicity
Pop White Non-Hisp Male > 84 2010,Gender & Ethnicity
Pop White Non-Hisp Fmle > 84 2010,Gender & Ethnicity
Pop Hispanic/Latino Male < 5 2010,Gender & Ethnicity
Pop Hispanic/Latino Fmle < 5 2010,Gender & Ethnicity
Pop Hispanic/Latino Male 5-9 2010,Gender & Ethnicity
Pop Hispanic/Latino Fmle 5-9 2010,Gender & Ethnicity
Pop Hispanic/Latino Male 10-14 2010,Gender & Ethnicity
Pop Hispanic/Latino Fmle 10-14 2010,Gender & Ethnicity
Pop Hispanic/Latino Male 15-19 2010,Gender & Ethnicity
Pop Hispanic/Latino Fmle 15-19 2010,Gender & Ethnicity
Pop Hispanic/Latino Male 20-24 2010,Gender & Ethnicity
Pop Hispanic/Latino Fmle 20-24 2010,Gender & Ethnicity
Pop Hispanic/Latino Male 25-29 2010,Gender & Ethnicity
Pop Hispanic/Latino Fmle 25-29 2010,Gender & Ethnicity
Pop Hispanic/Latino Male 30-34 2010,Gender & Ethnicity
Pop Hispanic/Latino Fmle 30-34 2010,Gender & Ethnicity
Pop Hispanic/Latino Male 35-44 2010,Gender & Ethnicity
Pop Hispanic/Latino Fmle 35-44 2010,Gender & Ethnicity
Pop Hispanic/Latino Male 45-54 2010,Gender & Ethnicity
Pop Hispanic/Latino Fmle 45-54 2010,Gender & Ethnicity
Pop Hispanic/Latino Male 55-59 2010,Gender & Ethnicity
Pop Hispanic/Latino Fmle 55-59 2010,Gender & Ethnicity
Pop Hispanic/Latino Male 60-64 2010,Gender & Ethnicity
Pop Hispanic/Latino Fmle 60-64 2010,Gender & Ethnicity
Pop Hispanic/Latino Male 65-74 2010,Gender & Ethnicity
Pop Hispanic/Latino Fmle 65-74 2010,Gender & Ethnicity
Pop Hispanic/Latino Male 75-84 2010,Gender & Ethnicity
Pop Hispanic/Latino Fmle 75-84 2010,Gender & Ethnicity
Pop Hispanic/Latino Male > 84 2010,Gender & Ethnicity
Median Age 2010,Age
Median Age 2000,Age
"Median Age, Male 2010",Age
"Median Age, Male 2000",Age
"Median Age, Female 2010",Age
"Median Age, Female 2000",Age
"Median Age, White 2010",Age
"Median Age, White 2000",Age
"Median Age, White Male 2010",Age
"Median Age, White Male 2000",Age
"Median Age, White Female 2010",Age
"Median Age, White Female 2000",Age
"Median Age, Black/African Amer 2010",Age
"Median Age, Black/African Amer 2000",Age
"Median Age, Black/Afr Am Male 2010",Age
"Median Age, Black/Afr Am Male 2000",Age
"Median Age, Black/Afr Am Female 2010",Age
"Median Age, Black/Afr Am Female 2000",Age
"Median Age, Am Ind/Alaska Natve 2010",Age
"Median Age, Am Ind/Alaska Natve 2000",Age
"Median Age, Am Ind/Alaska Male 2010",Age
"Median Age, Am Ind/Alaska Male 2000",Age
"Median Age, Am Ind/Alaska Fmale 2010",Age
"Median Age, Am Ind/Alaska Fmale 2000",Age
"Median Age, Asian 2010",Age
"Median Age, Asian 2000",Age
"Median Age, Asian Male 2010",Age
"Median Age, Asian Male 2000",Age
"Median Age, Asian Female 2010",Age
"Median Age, Asian Female 2000",Age
"Median Age, Nat Hawaii/Oth PI 2010",Age
"Median Age, Nat Hawaii/Oth PI 2000",Age
"Median Age, Nat Haw/Oth PI Male 2010",Age
"Median Age, Nat Haw/Oth PI Male 2000",Age
"Median Age, Nat Haw/Oth PI Fmle 2010",Age
"Median Age, Nat Haw/Oth PI Fmle 2000",Age
"Median Age, Other Race 2010",Age
"Median Age, Other Race 2000",Age
"Median Age, Other Race Male 2010",Age
"Median Age, Other Race Male 2000",Age
"Median Age, Other Race Fmle 2010",Age
"Median Age, Other Race Fmle 2000",Age
"Median Age, Two or More Races 2010",Age
"Median Age, Two or More Races 2000",Age
"Median Age, Two+ Races Male 2010",Age
"Median Age, Two+ Races Male 2000",Age
"Median Age, Two+ Races Female 2010",Age
"Median Age, Two+ Races Female 2000",Age
"Median Age, Hispanic/Latino 2010",Age
"Median Age, Hispanic/Latino 2000",Age
"Median Age, Hispanic/Lat Male 2010",Age
"Median Age, Hispanic/Lat Male 2000",Age
"Median Age, Hispanic/Lat Female 2010",Age
"Median Age, Hispanic/Lat Female 2000",Age
"Median Age, White Non-Hispanic 2010",Age
"Median Age, White Non-Hispanic 2000",Age
"Median Age, White Non-Hisp Male 2010",Age
"Median Age, White Non-Hisp Male 2000",Age
"Median Age, White Non-Hisp Fmle 2010",Age
"Median Age, White Non-Hisp Fmle 2000",Age
Pers 25+ w/<HS Diploma-White 2011-15,Education
Pers 25+ w/<HS Diploma-White 2006-10,Education
Pers 25+ w/<HS Diploma-Bl/AA 2011-15,Education
Pers 25+ w/<HS Diploma-Bl/AA 2006-10,Education
Pers 25+ w/<HS Diploma-AIAN 2011-15,Education
Pers 25+ w/<HS Diploma-AIAN 2006-10,Education
Pers 25+ w/<HS Diploma-Asian 2011-15,Education
Pers 25+ w/<HS Diploma-Asian 2006-10,Education
Pers 25+ w/<HS Diploma-NHPI 2011-15,Education
Pers 25+ w/<HS Diploma-NHPI 2006-10,Education
Pers 25+ w/<HS Diploma-Oth Race 2011-15,Education
Pers 25+ w/<HS Diploma-Oth Race 2006-10,Education
Pers 25+ w/<HS Diploma-2+ Races 2011-15,Education
Pers 25+ w/<HS Diploma-2+ Races 2006-10,Education
Pers 25+ w/<HS Diploma-Hisp/Lat 2011-15,Education
Pers 25+ w/<HS Diploma-Hisp/Lat 2006-10,Education
Pers 25+ w/<HS Dipl-Wh non/Hisp 2011-15,Education
Pers 25+ w/<HS Dipl-Wh non/Hisp 2006-10,Education
Pers 25+ w/HS Dipl or more-Wh 2011-15,Education
Pers 25+ w/HS Dipl or more-Wh 2006-10,Education
Pers 25+ w/HS Dipl/more-Bl/AA 2011-15,Education
Pers 25+ w/HS Dipl/more-Bl/AA 2006-10,Education
Pers 25+ w/HS Dipl or more-AIAN 2011-15,Education
Pers 25+ w/HS Dipl or more-AIAN 2006-10,Education
Pers 25+ w/HS Dipl or more-Asia 2011-15,Education
Pers 25+ w/HS Dipl or more-Asia 2006-10,Education
Pers 25+ w/HS Dipl or more-NHPI 2011-15,Education
Pers 25+ w/HS Dipl or more-NHPI 2006-10,Education
Pers 25+ w/HS Dipl/more-Oth Rce 2011-15,Education
Pers 25+ w/HS Dipl/more-Oth Rce 2006-10,Education
Pers 25+ w/HS Dipl/more-2+ Race 2011-15,Education
Pers 25+ w/HS Dipl/more-2+ Race 2006-10,Education
Pers 25+ w/HS Dipl/more-Hisp/L 2011-15,Education
Pers 25+ w/HS Dipl/more-Hisp/L 2006-10,Education
Pers 25+ w/4+ Yrs College-White 2011-15,Education
Pers 25+ w/4+ Yrs College-White 2006-10,Education
Pers 25+ w/4+ Yrs College-Bl/AA 2011-15,Education
Pers 25+ w/4+ Yrs College-Bl/AA 2006-10,Education
Pers 25+ w/4+ Yrs College-AIAN 2011-15,Education
Pers 25+ w/4+ Yrs College-AIAN 2006-10,Education
Pers 25+ w/4+ Yrs College-Asia 2011-15,Education
Pers 25+ w/4+ Yrs College-Asia 2006-10,Education
Pers 25+ w/4+ Yrs College-NHPI 2011-15,Education
Pers 25+ w/4+ Yrs College-NHPI 2006-10,Education
% Pers 25+ w/<HS Diploma-White 2011-15,Education
% Pers 25+ w/<HS Diploma-White 2006-10,Education
% Pers 25+ w/<HS Diploma-Bl/AA 2011-15,Education
% Pers 25+ w/<HS Diploma-Bl/AA 2006-10,Education
% Pers 25+ w/<HS Diploma-AIAN 2011-15,Education
% Pers 25+ w/<HS Diploma-AIAN 2006-10,Education
% Pers 25+ w/<HS Diploma-Asian 2011-15,Education
% Pers 25+ w/<HS Diploma-Asian 2006-10,Education
% Pers 25+ w/<HS Diploma-NHPI 2011-15,Education
% Pers 25+ w/<HS Diploma-NHPI 2006-10,Education
% Pers 25+ w/<HS Dipl-Oth Race 2011-15,Education
% Pers 25+ w/<HS Dipl-Oth Race 2006-10,Education
% Pers 25+ w/<HS Dipl-2+ Races 2011-15,Education
% Pers 25+ w/<HS Dipl-2+ Races 2006-10,Education
% Pers 25+ w/<HS Dipl-Hisp/Lat 2011-15,Education
% Pers 25+ w/<HS Dipl-Hisp/Lat 2006-10,Education
% Pers 25+ w/<HS Dipl-Wh n/Hisp 2011-15,Education
% Pers 25+ w/<HS Dipl-Wh n/Hisp 2006-10,Education
% Pers 25+ w/HS Dipl or more-Wh 2011-15,Education
% Pers 25+ w/HS Dipl or more-Wh 2006-10,Education
% Pers 25+ w/HS Dipl+ -Oth Race 2011-15,Education
% Pers 25+ w/HS Dipl+ -Oth Race 2006-10,Education
% Pers 25+ w/HS Dipl+ -2+ Races 2011-15,Education
% Pers 25+ w/HS Dipl+ -2+ Races 2006-10,Education
% Pers 25+ w/HS Dipl+ -Hisp/Lat 2011-15,Education
% Pers 25+ w/HS Dipl+ -Hisp/Lat 2006-10,Education
% Pers 25+ w/HS Dipl+ -Wh n/His 2011-15,Education
% Pers 25+ w/HS Dipl+ -Wh n/His 2006-10,Education
% Pers 25+ w/4+ Yrs Coll-White 2011-15,Education
% Pers 25+ w/4+ Yrs Coll-White 2006-10,Education
% Pers 25+ w/4+ Yrs Coll-Bl/AA 2011-15,Education
% Pers 25+ w/4+ Yrs Coll-Bl/AA 2006-10,Education
% Pers 25+ w/4+ Yrs Coll-AIAN 2011-15,Education
% Pers 25+ w/4+ Yrs Coll-AIAN 2006-10,Education
% Pers 25+ w/4+ Yrs Coll-Asian 2011-15,Education
% Pers 25+ w/4+ Yrs Coll-Asian 2006-10,Education
% Pers 25+ w/4+ Yrs Coll-NHPI 2011-15,Education
% Pers 25+ w/4+ Yrs Coll-NHPI 2006-10,Education
Percent Educ/HlthCare/Soc Asst 2011-15,Education
Percent Educ/HlthCare/Soc Asst 2006-10,Education
